[
    {
        "embed": {
            "description": "This is a youtube channel that provides high quality reddit content. Videos are uploaded regularly so you are never out of funny, interesting or even creepy content!",
            "color": 15114050,
            "footer": {
                "icon_url": "https://i.imgur.com/fvNKUks.png",
                "text": "I am a robot, son of Daniel (UK)"
            },
            "thumbnail": {
                "url": "https://i.imgur.com/WyzaPKY.png"
            },
            "author": {
                "name": "Sir Reddit",
                "url": "https://www.youtube.com/channel/UCgSmBJD9imASmJRleycTCwQ?sub_confirmation=1",
                "icon_url": "https://i.imgur.com/WyzaPKY.png"
            },
            "fields": [
                {
                    "name": "Subscribe!",
                    "value": "[**Click Here**](https://www.youtube.com/channel/UCgSmBJD9imASmJRleycTCwQ?sub_confirmation=1)"
                },
                {
                    "name": "Discord Server!",
                    "value": "[**Click Here**](https://discord.gg/V8ErqHb)"
                }
            ]
        }
    }
]
